{"cameraMode":{"drawMode":0,"name":"Shaded","section":"Shading Mode"},"sceneLighting":true,"audioPlay":false,"sceneViewState":{"m_AlwaysRefresh":false,"showFog":true,"showSkybox":true,"showFlares":true,"showImageEffects":true,"showParticleSystems":true,"showVisualEffectGraphs":true,"m_FxEnabled":true},"in2DMode":false,"pivot":{"x":60.400001525878909,"y":3.0999999046325685,"z":58.4900016784668},"rotation":{"x":0.13747383654117585,"y":0.035650208592414859,"z":-0.004951241426169872,"w":0.9898526072502136},"size":26.297649383544923,"orthographic":true}